true_label	acc	n
BN2	0.8406374501992032	251
EZB	0.9176954732510288	486
MCD	0.9223744292237442	219
N1	0.34782608695652173	23
ST2	0.762589928057554	139
