true_label	acc	n
BN2	0.7370517928286853	251
EZB	0.9238683127572016	486
MCD	0.9406392694063926	219
N1	0.6521739130434783	23
Other	0.1297640653357532	1102
ST2	0.7122302158273381	139
